"Bill of Material for "
"On 10/27/2014 at 2:22:02 PM"

"Comment","Pattern","Quantity","Components"

"0.1u","CAP0402_SENSE_DVT","3","C3, C38, C39","Chip capacitor"
"0.1u","CAP0603_SENSE_DVT","13","C5, C14, C18, C19, C20, C21, C22, C23, C24, C29, C35, C42, C61","Chip capacitor"
"0","RES0402_SENSE_DVT","3","R9, R16, R26","Chip Resistor"
"1.5k","RES0603_SENSE_DVT","1","R10","Chip Resistor"
"10 p","CAP0402_SENSE_DVT","2","C8, C10","Chip capacitor"
"10","RES0402_SENSE_DVT","6","R27, R70, R71, R72, R73, R75","Chip Resistor"
"100","RES0402_SENSE_DVT","2","R29, R30","Chip Resistor"
"10000p","CAP0402_SENSE_DVT","1","C11","Chip capacitor"
"1000p","CAP0402_SENSE_DVT","2","C58, C59","Chip capacitor"
"100k","RES0402_SENSE_DVT","2","R31, R32","Chip Resistor"
"100u","CAP1206_SENSE_DVT","3","C2, C7, C28","Chip capacitor"
"10k","RES0402_SENSE_DVT","11","R1, R6, R7, R12, R22, R25, R34, R35, R58, R59, R61","Chip Resistor"
"10u","CAP0603_SENSE_DVT","5","C1, C6, C12, C13, C27","Chip capacitor"
"10u","CAP0805_SENSE_DVT","2","C37, C40","Chip capacitor"
"150","RES0805_SENSE_DVT","1","R8","Chip Resistor"
"1k","RES0402_SENSE_DVT","1","R66","Chip Resistor"
"1N4148WS","SOD-323","2","D1, D2","Standard diode, 75V 150mA"
"1u","CAP0603_SENSE_DVT","1","C9","Chip capacitor"
"2.21k","RES0402","1","R67","Chip Resistor"
"2.2u","IND_1008","1","L3","SMD power inductor, 2.2uH"
"2.7k","RES0402_SENSE_DVT","4","R5, R11, R13, R14","Chip Resistor"
"215k","RES0402_SENSE_DVT","2","R62, R64","Chip Resistor"
"2200p","CAP0402_SENSE_DVT","6","C4, C30, C31, C32, C33, C34","Chip capacitor"
"220p","CAP0402_SENSE_DVT","1","C41","Chip capacitor"
"22u","CAP0603_SENSE_DVT","1","C36","Chip capacitor"
"33","RES0402_SENSE_DVT","1","R19","Chip Resistor"
"4.7u","CAP0603_SENSE_DVT","3","C15, C16, C17","Chip capacitor"
"47309-8651","molex_47309-8651","1","P9","Molex SD card connector"
"51281-2694","molex_51281-2694","1","P1","Molex 26-pin 0.5mm pitch connector"
"523k","RES0402_SENSE_DVT","2","R63, R65","Chip Resistor"
"52885-0374","molex_52885-0374","1","P5","Molex 30-pin 0.635mm pitch receptacle connector"
"742792641","RES0603_SENSE_DVT","1","FB1","Ferrite bead, 300 ohm impedance"
"9p","CAP0402_SENSE_DVT","2","C25, C26","Chip capacitor"
"ABM3B-40.000MHZ-10-1-U-T","ABM3B_CRYSTAL","1","X2","Abracon 40 MHz crystal"
"AB-RTCMC-32.768kHz-AIGZ","8-CLCC","1","RTC0","Abracon I2C RTC w/ integrated XO"
"Antenna_IFA_pads","Antenna_Pads","1","A2","PCB pads for external IFA"
"AO3416","SOT-23","1","Q1","N-channel enhancement mode FET"
"CC3200","QFN50P900X900X100_HS-65N","1","U1","TI Wi-FI module"
"DEA202450BT-1294C1-H","DEA202450BT-1294C1-H","1","U3","SAW filter for 2.4 GHz WLAN"
"DNP","CAP0402_SENSE_DVT","4","C46, C47, C48, C49","Chip capacitor"
"DNP","HDR2.00-2X3-SMD","3","P2, P3, P4","BOB headers"
"DNP","RES0402_SENSE_DVT","9","R2, R3, R4, R15, R17, R18, R23, R24, R28","Chip Resistor"
"Hole","HOLE_ROUND_1.8mm","2","H1, H4","general purpose hole"
"Hole","HOLE_ROUND_2.2mm","2","H2, H3","general purpose hole"
"JST_S6B-ZR-SM4A-TF (LF)(SN)(P)","JST_S6B-ZR-SM4A-TF (LF)(SN)(P)","1","P10","6-pin JST connector"
"MX25U12835F","WSON 8L","1","U2","Macronix MX25U12835F SPI NOR Flash"
"OPA314AIDCKT","SC-70-5","1","U6","TI single 1.8-5.5V OPAMP"
"PE4259","SOT65P212X110-6N","1","U14","RF Switch"
"Si1912EDH","SC-70-6","1","Q2","Vishay Dual N-Channel MOSFET 1.8v drive 20V 1A"
"SN74LVC1T45DCK","SC-70-6","1","U4","Single-bit dual-supply bus transceiver"
"TP","TP-1.1","13","TP1, TP3, TP5, TP6, TP7, TP8, TP9, TP10, TP12, TP13, TP14, TP15, TP16","testpoint"
"TPS7A7100RGT","QFN50P300X300X100_HS-17N","1","U7","1A fast-transient LDO"
"TXS0108ERGYR","QFN50P450X350X100_HS-21N","1","U5","8-BIT BIDIRECTIONAL VOLTAGE-LEVEL TRANSLATOR  FOR OPEN-DRAIN AND PUSH-PULL APPLICATIONS"
"U.FL-R-SMT-1","U.FL-R-SMT-1","1","J1","U.FL type antenna connector"
